{"accuracy": [0.625350296497345, 0.8693221211433411, 0.9226545095443726, 0.944761335849762, 0.9603101015090942], "loss": [1.2708513736724854, 0.40926751494407654, 0.2385515719652176, 0.16581517457962036, 0.12145867198705673], "val_accuracy": [0.85971999168396, 0.9003528356552124, 0.9157181978225708, 0.9367744326591492, 0.9286364912986755], "val_loss": [0.44303780794143677, 0.30163973569869995, 0.2687836289405823, 0.2108301818370819, 0.23550908267498016]}